{"topology":[14,50,1],"activations":["sigmoid","sigmoid","relu"],"param":{"learning_rate":0.1},"weights":[[[],[],[],[],[],[],[],[],[],[],[],[],[],[]],[[0.06630763310027894,-0.010012010563300934,0.19973460278204583,-0.14882081769850905,0.10347951719115815,-0.2592866448443541,-0.16875442871794555,-0.22463698850797675,0.23977828304091497,-0.6620185319780231,-0.013728388737179912,0.012175338498005174,-0.0072586595570812654,-0.007013882571583057],[0.06630763310027894,-0.010012010563300934,0.19973460278204583,-0.14882081769850905,0.10347951719115815,-0.2592866448443541,-0.16875442871794555,-0.22463698850797675,0.23977828304091497,-0.6620185319780231,-0.013728388737179912,0.012175338498005174,-0.0072586595570812654,-0.007013882571583057],[0,0,0,0,0,0,0,0,0,0,0,0,0,0],[0.12844085798950014,-0.016924509949849075,0.07595153082877999,-0.2935936214950383,0.1972638953490331,0.027059705212144125,-0.26520081104679727,-0.411102480870301,0.3821420589642672,-0.002109966882182936,-0.04455914363854637,0.030663315361044684,-0.01398696572205107,-0.01341439443854704],[0.12844085798950014,-0.016924509949849075,0.07595153082877999,-0.2935936214950383,0.1972638953490331,0.027059705212144125,-0.26520081104679727,-0.411102480870301,0.3821420589642672,-0.002109966882182936,-0.04455914363854637,0.030663315361044684,-0.01398696572205107,-0.01341439443854704],[0.12844085798950014,-0.016924509949849075,0.07595153082877999,-0.2935936214950383,0.1972638953490331,0.027059705212144125,-0.26520081104679727,-0.411102480870301,0.3821420589642672,-0.002109966882182936,-0.04455914363854637,0.030663315361044684,-0.01398696572205107,-0.01341439443854704],[0.12844085798950014,-0.016924509949849075,0.07595153082877999,-0.2935936214950383,0.1972638953490331,0.027059705212144125,-0.26520081104679727,-0.411102480870301,0.3821420589642672,-0.002109966882182936,-0.04455914363854637,0.030663315361044684,-0.01398696572205107,-0.01341439443854704],[0.12844085798950014,-0.016924509949849075,0.07595153082877999,-0.2935936214950383,0.1972638953490331,0.027059705212144125,-0.26520081104679727,-0.411102480870301,0.3821420589642672,-0.002109966882182936,-0.04455914363854637,0.030663315361044684,-0.01398696572205107,-0.01341439443854704],[0.12844085798950014,-0.016924509949849075,0.07595153082877999,-0.2935936214950383,0.1972638953490331,0.027059705212144125,-0.26520081104679727,-0.411102480870301,0.3821420589642672,-0.002109966882182936,-0.04455914363854637,0.030663315361044684,-0.01398696572205107,-0.01341439443854704],[0.12844085798950014,-0.016924509949849075,0.07595153082877999,-0.2935936214950383,0.1972638953490331,0.027059705212144125,-0.26520081104679727,-0.411102480870301,0.3821420589642672,-0.002109966882182936,-0.04455914363854637,0.030663315361044684,-0.01398696572205107,-0.01341439443854704],[0.12844085798950014,-0.016924509949849075,0.07595153082877999,-0.2935936214950383,0.1972638953490331,0.027059705212144125,-0.26520081104679727,-0.411102480870301,0.3821420589642672,-0.002109966882182936,-0.04455914363854637,0.030663315361044684,-0.01398696572205107,-0.01341439443854704],[0.12844085798950014,-0.016924509949849075,0.07595153082877999,-0.2935936214950383,0.1972638953490331,0.027059705212144125,-0.26520081104679727,-0.411102480870301,0.3821420589642672,-0.002109966882182936,-0.04455914363854637,0.030663315361044684,-0.01398696572205107,-0.01341439443854704],[0.12844085798950014,-0.016924509949849075,0.07595153082877999,-0.2935936214950383,0.1972638953490331,0.027059705212144125,-0.26520081104679727,-0.411102480870301,0.3821420589642672,-0.002109966882182936,-0.04455914363854637,0.030663315361044684,-0.01398696572205107,-0.01341439443854704],[0.12844085798950014,-0.016924509949849075,0.07595153082877999,-0.2935936214950383,0.1972638953490331,0.027059705212144125,-0.26520081104679727,-0.411102480870301,0.3821420589642672,-0.002109966882182936,-0.04455914363854637,0.030663315361044684,-0.01398696572205107,-0.01341439443854704],[0.12844085798950014,-0.016924509949849075,0.07595153082877999,-0.2935936214950383,0.1972638953490331,0.027059705212144125,-0.26520081104679727,-0.411102480870301,0.3821420589642672,-0.002109966882182936,-0.04455914363854637,0.030663315361044684,-0.01398696572205107,-0.01341439443854704],[0.12844085798950014,-0.016924509949849075,0.07595153082877999,-0.2935936214950383,0.1972638953490331,0.027059705212144125,-0.26520081104679727,-0.411102480870301,0.3821420589642672,-0.002109966882182936,-0.04455914363854637,0.030663315361044684,-0.01398696572205107,-0.01341439443854704],[0.12844085798950014,-0.016924509949849075,0.07595153082877999,-0.2935936214950383,0.1972638953490331,0.027059705212144125,-0.26520081104679727,-0.411102480870301,0.3821420589642672,-0.002109966882182936,-0.04455914363854637,0.030663315361044684,-0.01398696572205107,-0.01341439443854704],[0.12844085798950014,-0.016924509949849075,0.07595153082877999,-0.2935936214950383,0.1972638953490331,0.027059705212144125,-0.26520081104679727,-0.411102480870301,0.3821420589642672,-0.002109966882182936,-0.04455914363854637,0.030663315361044684,-0.01398696572205107,-0.01341439443854704],[0.12844085798950014,-0.016924509949849075,0.07595153082877999,-0.2935936214950383,0.1972638953490331,0.027059705212144125,-0.26520081104679727,-0.411102480870301,0.3821420589642672,-0.002109966882182936,-0.04455914363854637,0.030663315361044684,-0.01398696572205107,-0.01341439443854704],[0.12844085798950014,-0.016924509949849075,0.07595153082877999,-0.2935936214950383,0.1972638953490331,0.027059705212144125,-0.26520081104679727,-0.411102480870301,0.3821420589642672,-0.002109966882182936,-0.04455914363854637,0.030663315361044684,-0.01398696572205107,-0.01341439443854704],[0.12844085798950014,-0.016924509949849075,0.07595153082877999,-0.2935936214950383,0.1972638953490331,0.027059705212144125,-0.26520081104679727,-0.411102480870301,0.3821420589642672,-0.002109966882182936,-0.04455914363854637,0.030663315361044684,-0.01398696572205107,-0.01341439443854704],[0.12844085798950014,-0.016924509949849075,0.07595153082877999,-0.2935936214950383,0.1972638953490331,0.027059705212144125,-0.26520081104679727,-0.411102480870301,0.3821420589642672,-0.002109966882182936,-0.04455914363854637,0.030663315361044684,-0.01398696572205107,-0.01341439443854704],[0.12844085798950014,-0.016924509949849075,0.07595153082877999,-0.2935936214950383,0.1972638953490331,0.027059705212144125,-0.26520081104679727,-0.411102480870301,0.3821420589642672,-0.002109966882182936,-0.04455914363854637,0.030663315361044684,-0.01398696572205107,-0.01341439443854704],[0.12844085798950014,-0.016924509949849075,0.07595153082877999,-0.2935936214950383,0.1972638953490331,0.027059705212144125,-0.26520081104679727,-0.411102480870301,0.3821420589642672,-0.002109966882182936,-0.04455914363854637,0.030663315361044684,-0.01398696572205107,-0.01341439443854704],[0.12844085798950014,-0.016924509949849075,0.07595153082877999,-0.2935936214950383,0.1972638953490331,0.027059705212144125,-0.26520081104679727,-0.411102480870301,0.3821420589642672,-0.002109966882182936,-0.04455914363854637,0.030663315361044684,-0.01398696572205107,-0.01341439443854704],[0.12844085798950014,-0.016924509949849075,0.07595153082877999,-0.2935936214950383,0.1972638953490331,0.027059705212144125,-0.26520081104679727,-0.411102480870301,0.3821420589642672,-0.002109966882182936,-0.04455914363854637,0.030663315361044684,-0.01398696572205107,-0.01341439443854704],[0.12844085798950014,-0.016924509949849075,0.07595153082877999,-0.2935936214950383,0.1972638953490331,0.027059705212144125,-0.26520081104679727,-0.411102480870301,0.3821420589642672,-0.002109966882182936,-0.04455914363854637,0.030663315361044684,-0.01398696572205107,-0.01341439443854704],[0.12844085798950014,-0.016924509949849075,0.07595153082877999,-0.2935936214950383,0.1972638953490331,0.027059705212144125,-0.26520081104679727,-0.411102480870301,0.3821420589642672,-0.002109966882182936,-0.04455914363854637,0.030663315361044684,-0.01398696572205107,-0.01341439443854704],